x,y,long,short,radian,bool
455.25,510.5,1.0,7186.38,90.0,0.0
307.0,315.5,2.1213,3.0,0.0,0.0
30.24,318.791,4.712,7.508,31.937,0.0
2.1781,317.352,2.145,6.635,40.97,0.0
330.0,313.5,2.1213,3.0,0.0,0.0
322.0,314.5,2.2105,5.249,0.0,0.0
130.25,315.08,1.4365,5.837,28.79,0.0
308.0,313.0,2.1821,4.082,0.0,0.0
730.210,312.367,2.877,7.321,110.13,0.0
541.0,310.0,3.464,4.920,90.0,0.0
367.0,310.0,2.1821,4.082,90.0,0.0
309.0,310.5,2.1213,3.0,0.0,0.0
192.40,311.0,2.0946,3.4751,113.34,0.0
39.39,311.667,2.618,4.992,65.85,0.0
29.285,310.5,0.0,1.0,0.0,0.0
15.75,310.75,0.7071,5569.127441,45.0,0.0
331.0,310.5,2.2105,5.249,0.0,0.0
755.56,315.945,13.280,24.00,123.41,0.0
748.5,308.0,0.0,0.000,0.0,0.0
362.436,308.594,2.6049,5.25,113.65,0.0
179.06,310.240,1.556,4.501,20.45,0.0
71.5,308.5,0.0,1.0,0.0,0.0
727.0,306.5,0.0,1.0,0.0,0.0
714.333,306.666,1.738,3.0110,135.00,0.0
7.499,306.993,0.7002,14.99,134.871,0.0
48.48,305.499,0.9999,12.229,89.33,0.0
35.5,306.71,0.0,1.0,180.0,0.0
596.172,326.492,8.050,43.05,21.483,0.0
184.77,306.16,2.97,6.659,155.833,0.0
175.5,303.0,0.0,0.000,0.0,0.0
605.339,297.66,2.5162,3.5216,135.0,0.0
601.5,297.0,2.1213,3.0,90.0,0.0
592.5,297.0,2.1213,3.0,90.0,0.0
752.214,297.363,2.218,3.4529,171.86,0.0
604.280,295.288,3.118,8.266,93.39,0.0
332.0,301.5,2.1698,20.786,0.0,0.0
591.341,295.795,6.103,13.790,88.03,0.0
769.432,293.923,0.41857,6.867,93.24,0.0
265.5,295.0,0.0,1.0,180.0,0.0
241.06,294.0,1.5692,2.8453,41.75,0.0
108.167,291.565,6.266,12.420,0.0,0.0
569.5,292.0,0.0,0.000,0.0,0.0
588.931,314.64,26.522,73.63,28.118,0.0
467.270,283.71,29.90,78.28,23.984,0.0
509.5,284.49,0.05739,0.057430,90.0,0.0
499.5,283.5,0.0,1.0,0.0,0.0
524.761230,281.477,1.079,3.3876,86.66,0.0
362.795,294.756,5.057,29.87,21.627,0.0
535.025,281.028,4.456,6.464,44.76,0.0
370.0,278.5,2.1213,3.0,0.0,0.0
497.5,278.0,0.0,1.0,0.0,0.0
467.5,277.0,2.1213,3.0,90.0,0.0
540.0,275.5,0.0,1.0,0.0,0.0
501.0,275.0,0.0,0.000,0.0,0.0
470.563,275.594,2.6049,5.25,66.34,0.0
189.75,275.5,1.0,7704.976074,90.0,0.0
473.5,274.0,2.1213,3.0,90.0,0.0
453.762,277.53,8.176,21.464,90.73,0.0
111.49,275.0,0.998,32.222,0.0,0.0
460.0,274.5,2.2105,5.249,0.0,0.0
435.0,271.5,2.1213,3.0,0.0,0.0
410.80,272.19,2.4433,5.4782,135.0,0.0
373.55,273.530,2.6012,8.719,34.94,0.0
430.023,272.287,2.7351,10.530,129.438,0.0
415.0,270.5,2.403,4.535,54.54,0.0
328.32,282.132,3.034,29.438,163.81,0.0
421.897,270.899,6.007,10.86,118.54,0.0
401.875,269.009,3.12,4.5065,128.86,0.0
377.0,268.5,2.3927,6.50,40.97,0.0
425.63,227.64,55.50,56.863,61.96,1.0
357.224,66.88,1.62,3.6350,55.62,0.0
532.559,71.66,7.141,11.469,1.335,0.0
299.61,67.713,2.4250,4.806,176.18,0.0
169.480,68.97,5.684,9.247,133.39,0.0
407.089,66.68,6.28,7.286,95.09,0.0
664.5,63.0,2.1213,3.0,90.0,0.0
395.567871,64.803,4.514,8.369,80.07,0.0
719.265,74.63,11.279,31.457,52.086,0.0
307.04,64.17,5.158,6.851,67.40,0.0
174.99,63.001,0.00,0.005085,22.45,0.0
666.968,72.35,21.601,26.030,71.62,0.0
666.339,61.33,2.5162,3.521,45.000,0.0
740.0,59.0,1.632,2.8284,135.0,0.0
674.339,58.33,2.5162,3.521,45.000,0.0
418.805,61.19,3.3171,7.048,162.96,0.0
279.45,63.146,5.44,12.349,22.161,0.0
290.62,61.52,6.130,11.502,28.694,0.0
180.83,68.59,7.156,21.875,1.2127,0.0
534.5,56.12,2.307,3.528,90.0,0.0
268.311,56.45,4.137,6.588,114.91,0.0
371.0,56.0,2.2215,6.497,0.0,0.0
705.117,55.965,5.964,8.880,159.81,0.0
288.116,53.726,2.150,5.391,84.19,0.0
170.09,57.86,7.646,9.398,72.12,0.0
620.701,82.49,37.11,54.516,9.944,0.0
1008.632,606.832,104.15,124.99,83.26,1.0
804.962,556.735839,5.606,6.818,15.46,0.0
602.0,551.0,2.1821,4.082,90.0,0.0
1480.363,558.811,1.94,20.706,13.196,0.0
1037.660644,547.339,2.5162,3.5216,135.00,0.0
916.25,547.5,1.0,7704.976074,90.0,0.0
869.0,547.5,2.1213,3.0,0.0,0.0
989.5,545.0,2.1213,3.0,90.0,0.0
985.339,544.339,2.5162,3.5216,45.0,0.0
867.5,544.5,2.8929,4.979,158.61,0.0
991.0,542.5,2.1213,3.0,0.0,0.0
1018.5,541.0,2.1213,3.0,90.0,0.0
1011.5,541.0,2.1213,3.0,90.0,0.0
998.5,541.0,2.1213,3.0,90.0,0.0
499.69,568.870,52.93,119.21,94.56,0.0
1005.0,540.0,2.1821,4.082,90.0,0.0
626.5,537.0,2.1213,3.0,90.0,0.0
802.0,524.0,2.1821,4.082,90.0,0.0
802.508,523.817,3.5886,5.000,104.60,0.0
450.5,522.0,2.1213,3.0,90.0,0.0
747.0,521.5,2.1213,3.0,0.0,0.0
824.35,521.890,7.817,17.456,95.48,0.0
449.5,519.0,2.1213,3.0,90.0,0.0
1487.111,531.329,2.797,24.424,12.348,0.0
446.649,519.127,3.6138,4.829,114.482,0.0
460.5,516.0,2.1213,3.0,90.0,0.0
418.319,517.886,5.198,8.930,73.51,0.0
803.50,515.50,0.06891,0.0690,89.97,0.0
492.979,596.008,160.293,200.254,98.44,1.0
414.66,513.660,2.5162,3.5216,45.0,0.0
766.258,314.0,2.205,4.418,0.0,0.0
42.99,311.000,0.00,0.00,67.500,0.0
9.0,311.5,0.9319,1.239,73.15,0.0
411.0,310.0,2.1821,4.082,0.0,0.0
34.5,309.0,0.0,0.000,0.0,0.0
402.0,309.5,2.2105,5.249,0.0,0.0
412.0,307.5,2.1213,3.0,0.0,0.0
84.49,308.0,1.001,32.315,0.0,0.0
48.33,310.88,4.678,6.9811,166.82,0.0
452.0,305.0,0.0,0.000,0.0,0.0
413.0,304.5,2.1213,3.0,0.0,0.0
233.48,320.547,24.412,44.64,47.03,0.0
64.91,305.06,1.8746,7.210,63.39,0.0
585.292,305.934,7.956,9.249,84.48,0.0
760.361,305.40,4.2444,12.981,118.22,0.0
415.0,300.5,2.1213,3.0,0.0,0.0
765.73,299.0,1.439,3.70,120.82,0.0
104.99,297.99,2.8331,4.899,44.809,0.0
584.667,313.024,23.005,37.719,9.65,0.0
110.05,297.923,1.7035,4.764,108.039,0.0
294.0,296.5,2.1213,3.0,0.0,0.0
758.583,295.08,0.0,0.7071,0.0,0.0
414.0,296.0,2.2215,6.497,0.0,0.0
401.0,299.5,2.183,17.186,0.0,0.0
58.38,294.96,1.083,3.1303,119.03,0.0
211.0,293.5,3.2469,4.248,90.0,0.0
270.543,357.621,37.104,45.42,0.0,0.0
6.085,293.031,4.4699,4.867,157.082,0.0
748.504,289.00,0.71,12.687,134.96,0.0
609.0,288.5,3.2469,4.248,90.0,0.0
559.091,301.203613,2.967,35.71,3.6711,0.0
741.583,285.08,0.0,0.7071,0.0,0.0
297.0,285.0,2.2215,6.497,0.0,0.0
37.703,284.00,0.03819,0.1119,0.0,0.0
526.0,283.5,2.2105,5.249,0.0,0.0
413.0,284.5,2.1698,20.786,0.0,0.0
402.0,284.5,2.1698,20.786,0.0,0.0
728.498,277.49,0.04051,0.17141,0.0,0.0
733.411,290.391,5.553,47.20,123.40,0.0
765.922,287.801,2.587,25.87,3.3696,0.0
707.588,273.44,2.944,3.611,135.02,0.0
401.0,272.5,2.2105,5.249,0.0,0.0
702.5,270.5,0.0,1.0,0.0,0.0
296.0,273.5,2.2139,10.685,0.0,0.0
414.0,270.0,2.1821,4.082,0.0,0.0
524.0,267.5,2.1213,3.0,0.0,0.0
400.0,268.0,2.1821,4.082,0.0,0.0
399.0,264.5,2.1213,3.0,0.0,0.0
297.0,266.0,2.2215,6.497,0.0,0.0
705.504,264.00,0.71,12.687,134.96,0.0
690.999,262.999,0.15032,0.15088,45.055,0.0
398.0,261.5,2.1213,3.0,0.0,0.0
522.0,260.5,2.1213,3.0,0.0,0.0
416.0,260.5,2.1213,3.0,0.0,0.0
298.0,261.0,2.1821,4.082,0.0,0.0
521.0,258.5,2.1213,3.0,0.0,0.0
299.0,257.5,2.1213,3.0,0.0,0.0
300.0,255.5,2.1213,3.0,0.0,0.0
676.331,254.18,2.0683,4.819,103.76,0.0
519.0,253.5,2.1213,3.0,0.0,0.0
302.0,251.5,2.1213,3.0,0.0,0.0
303.5,249.0,2.403,4.535,35.45,0.0
305.5,246.0,2.403,4.535,35.45,0.0
379.5,236.0,2.1213,3.0,90.0,0.0
505.5,235.0,2.1213,3.0,90.0,0.0
347.222,276.038574,82.973,86.69,107.98,1.0
376.5,234.0,2.1213,3.0,90.0,0.0
468.150,271.799,80.11,87.035,75.44,1.0
373.5,232.0,2.1213,3.0,90.0,0.0
329.0,229.0,2.1821,4.082,90.0,0.0
332.5,228.0,2.1213,3.0,90.0,0.0
337.0,227.0,2.1821,4.082,90.0,0.0
359.0,226.0,2.1821,4.082,90.0,0.0
459.5,225.0,2.1213,3.0,90.0,0.0
350.0,225.0,2.1821,4.082,90.0,0.0
474.5,224.0,2.1213,3.0,90.0,0.0
763.36,259.616,4.710,77.16,7.103,0.0
732.143,248.63,4.3215,82.54,7.417,0.0
725.395,248.44,3.8690,77.51,7.078,0.0
719.064,248.96,3.71,68.71,7.210,0.0
746.379,249.56,4.7078,86.87,7.656,0.0
739.03,249.97,4.434,78.75,7.572,0.0
752.897,252.547,3.357,82.90,7.77,0.0
703.530,233.89,3.1762,74.16,6.886,0.0
692.816,234.17,2.8749,62.29,6.6712,0.0
687.935058,234.18,2.489,51.91,6.586,0.0
678.859,230.77,2.33,43.33,6.257,0.0
1032.26,919.532,3.3173,9.865,91.44,0.0
230.29,921.301,5.948,44.050,88.83,0.0
1173.0,921.0,2.2198,9.219,0.0,0.0
764.0,918.5,2.1213,3.0,0.0,0.0
262.25,917.75,0.7071,6378.53,135.0,0.0
145.0,914.0,2.1821,4.082,90.0,0.0
1168.0,921.0,2.1409,30.702,0.0,0.0
894.037,913.270,3.922,10.955,82.58,0.0
232.95,935.25,55.905,59.70,26.924,0.0
158.5,912.0,2.1213,3.0,90.0,0.0
142.5,912.0,2.1213,3.0,90.0,0.0
129.47,915.272949,4.853,6.270,123.09,0.0
768.0,911.5,2.1213,3.0,0.0,0.0
742.5,911.0,2.1213,3.0,90.0,0.0
170.373,914.260,5.156,6.684,98.205,0.0
1031.884,909.677,3.7003,10.056,87.90,0.0
266.941,911.42,1.9857,6.199,39.814,0.0
149.140,909.258,3.1462,13.706,90.50,0.0
123.65,912.410,1.471,7.818,28.496,0.0
718.5,908.0,2.1213,3.0,90.0,0.0
132.5,909.5,2.888,4.397,91.462,0.0
115.514,912.436,3.074,10.083,8.551,0.0
1170.50,908.295,1.1203,1.538,0.0,0.0
1067.29,915.278,2.132,14.285,4.048,0.0
1062.948,915.192,3.5569,13.65,7.014,0.0
716.5,907.0,2.1213,3.0,90.0,0.0
176.038,911.467,1.3761,9.888,144.45,0.0
166.989,907.508,0.7160,12.708,44.67,0.0
139.339,907.660,2.516,3.521,135.0,0.0
142.5,906.0,2.1213,3.0,90.0,0.0
1174.999511,905.99,0.12825,0.12835,134.90,0.0
1065.0,906.5,0.0,0.00,0.0,0.0
155.5,904.0,2.1213,3.0,90.0,0.0
144.5,904.0,2.1213,3.0,90.0,0.0
895.240,903.521,3.315,13.964,89.36,0.0
139.0,903.5,2.1213,3.0,0.0,0.0
160.76,903.190,2.7701,5.351,166.711,0.0
146.660,902.660,2.516,3.521,44.999,0.0
152.80,902.195,2.4433,5.4782,135.0,0.0
313.748,902.153,6.540,28.121,92.20,0.0
297.170,901.824,4.810,6.805,12.894,0.0
1067.364746,901.517,2.708,5.368,162.04,0.0
1030.800,900.094,4.3787,13.128,91.06,0.0
149.71,900.150,2.657,6.041,57.95,0.0
760.5,898.0,0.0,0.004,0.0,0.0
138.40,899.436,2.6049,5.25,23.652,0.0
152.339,897.339,2.516,3.521,44.999,0.0
147.339,897.660,2.516,3.521,135.0,0.0
144.5,896.0,2.1213,3.0,90.0,0.0
115.95,900.003,2.2475,8.653,177.82,0.0
124.14,898.056,1.9737,5.8867,154.483,0.0
141.5,894.0,2.1213,3.0,90.0,0.0
1065.5,894.0,3.2469,4.248,0.0,0.0
896.682128,893.596,3.514,20.11,88.296,0.0
148.44,903.740,24.753,30.168,122.84,0.0
128.470,892.11,6.218,6.9386,80.770,0.0
1029.932,890.383,3.7400,19.985,88.848,0.0
1065.119,894.223,3.3563,10.650,14.062,0.0
899.723,883.664,3.6199,29.910,88.260,0.0
1026.0,880.5,3.2432,32.83,90.19,0.0
902.705,873.757,3.88,50.69,88.09,0.0
1017.57,870.81,3.963,44.25,88.83,0.0
1069.30,881.38,3.651,24.626,162.63,0.0
964.754,921.675,117.03,122.92,76.92,1.0
99.5,863.0,2.2139,10.685,90.0,0.0
911.496,863.631,3.8593,83.46,88.42,0.0
93.66,862.660,2.5162,3.521,44.999,0.0
173.0,861.0,2.2215,6.497,90.0,0.0
163.5,861.0,2.2139,10.685,90.0,0.0
1012.864,861.02,3.9330,60.35,88.66,0.0
204.05,859.220,3.3797,56.83,88.40,0.0
1106.0,860.0,0.0,0.001464,0.0,0.0
223.5,857.0,2.1572,24.601,90.0,0.0
962.56,852.480,3.9057,233.96,88.52,0.0
206.63,849.678,3.1707,134.11,89.330566,0.0
1076.5,849.5,0.9993,28.553,0.07010,0.0
242.598,849.195,3.013,4.140,21.04,0.0
130.70,844.006,2.2051,6.511,86.262,0.0
782.660,842.660,2.5162,3.5216,45.0,0.0
109.0,843.5,0.0,0.0008,180.0,0.0
780.0,840.0,2.1821,4.082,90.0,0.0
776.5,840.0,2.1213,3.0,90.0,0.0
125.22,842.496,1.7376,6.347,34.130,0.0
187.5,839.0,0.0,0.001,0.0,0.0
121.68,840.01,1.9236,3.793,24.001,0.0
115.02,842.194824,2.255,7.996,1.1904,0.0
200.43,838.501,5.377,98.22,88.73,0.0
1041.0,835.0,2.1821,4.082,90.0,0.0
695.892,840.314941,6.8304,182.448,88.266,0.0
139.5,835.0,2.2105,5.249,90.0,0.0
135.339,834.660,2.516,3.521,135.0,0.0
1109.5,844.745,0.0,1.0,180.0,0.0
787.339,832.339,2.5162,3.5216,45.0,0.0
587.555,833.803,5.164,6.724,91.57,0.0
136.5,832.0,2.1213,3.0,90.0,0.0
121.68,833.98,1.9236,3.793,155.99,0.0
138.660,830.660,2.516,3.521,44.999,0.0
1106.5,842.0,0.0,1.0,180.0,0.0
140.660,828.660,2.516,3.521,44.999,0.0
124.78,830.723,1.6168,7.175,137.95,0.0
138.75,834.28,9.092,19.800,21.442,0.0
128.30,828.409,4.092,5.283,77.61,0.0
115.5,831.128,2.693,7.481,0.0,0.0
695.734,832.073,7.602,205.219,88.06,0.0
1100.0,825.499,0.03334,0.1102,163.13,0.0
792.0,824.5,2.1213,3.0,0.0,0.0
712.5,824.0,2.1213,3.0,90.0,0.0
248.0,824.5,2.1213,3.0,0.0,0.0
162.5,822.0,2.1213,3.0,90.0,0.0
793.5,822.0,2.403,4.535,35.45,0.0
556.0,820.0,2.1821,4.082,90.0,0.0
204.378,821.871,4.42,94.037,88.85,0.0
165.0,817.5,2.1213,3.0,0.0,0.0
162.5,817.5,3.1622,3.1622,0.0,0.0
206.49,816.786621,3.3195,105.66,88.94,0.0
140.70,816.410,3.017,8.025,81.11,0.0
136.339,816.339,2.516,3.521,44.999,0.0
128.003,819.117675,5.368,6.091,103.68,0.0
1095.032,824.361,1.6723,16.977,169.12,0.0
70.0,815.5,2.1213,3.0,0.0,0.0
108.63,819.921,2.8783,29.740,177.97,0.0
1111.0,817.0,0.0,0.00,0.0,0.0
122.78,817.326,1.3458,8.49,29.52,0.0
115.5,817.263183,0.0,1.0,0.0,0.0
957.796,813.374,4.7446,5.814,63.673,0.0
946.5,813.5,4.893,4.893,0.0,0.0
935.139,813.9375,5.076,5.704,56.50,0.0
923.625,814.203,4.7446,5.814,26.326,0.0
135.80,812.804,2.4433,5.4782,45.0,0.0
1002.851,812.259,4.652,5.673,76.69,0.0
991.5,812.5,4.893,4.893,0.0,0.0
980.174,812.825,5.018,5.980,45.0,0.0
969.139,812.9375,5.076,5.704,56.50,0.0
1248.90,856.74,30.397,90.67,168.162,0.0
138.5,810.5,3.1622,3.1622,0.0,0.0
338.475,811.02,4.33,9.676,76.29,0.0
941.0,808.451,5.164,5.4005,90.0,0.0
929.5,808.5,4.893,4.893,0.0,0.0
682.321,813.230,6.074,289.249,88.67,0.0
963.5,807.5,4.893,4.893,0.0,0.0
952.0,808.0,5.251,5.251,0.0,0.0
23.5,806.0,0.0,0.001,0.0,0.0
997.296,806.887,5.44,5.755,59.38,0.0
985.825,807.174,5.018,5.980,45.0,0.0
974.825,807.174,5.018,5.980,45.0,0.0
136.5,803.0,2.1213,3.0,90.0,0.0
673.716,806.592,5.0744,294.124,88.57,0.0
115.5,805.266,0.0,1.0,180.0,0.0
957.796,802.374,4.7446,5.814,63.673,0.0
946.766,802.766,5.143,5.728,135.0,0.0
935.262,803.0,5.274,5.700,90.0,0.0
17.0,801.0,0.0,0.000,0.0,0.0
9.0,801.0,0.0,0.00,0.0,0.0
991.952,801.415,4.894,5.945,79.53,0.0
980.634,801.641,4.944,5.840,78.72,0.0
969.139,801.9375,5.076,5.704,56.50,0.0
138.75,810.54,13.021,22.70,167.941,0.0
126.35,801.770019,3.8354,5.19,49.999,0.0
70.0,800.5,2.1213,3.0,0.0,0.0
136.339,791.660,2.516,3.521,135.0,0.0
126.63,793.458,3.813,4.369,132.012,0.0
138.5,790.5,3.1622,3.1622,0.0,0.0
122.10,791.146,1.0220,6.410,28.062,0.0
116.5,790.27,0.0,1.0,180.0,0.0
963.736,807.706,36.60,126.49,88.16,0.0
138.0,786.0,2.1821,4.082,0.0,0.0
136.0,784.5,2.1213,3.0,0.0,0.0
133.598,782.804,3.013,4.140,158.95,0.0
867.5,780.0,2.1213,3.0,90.0,0.0
135.5,779.0,2.1213,3.0,90.0,0.0
116.5,781.5,0.0,1.0,0.0,0.0
138.0,778.5,2.1213,3.0,0.0,0.0
919.5,776.0,2.1213,3.0,90.0,0.0
136.533,784.757,11.72,19.761,1.7248,0.0
125.0,777.127,3.207,4.344,90.0,0.0
1099.5,772.0,2.1213,3.0,90.0,0.0
438.249,774.520,3.7133,9.506,65.154,0.0
1048.5,771.5,3.1622,3.1622,0.0,0.0
1040.0,768.0,2.1821,4.082,90.0,0.0
927.0,768.0,2.1821,4.082,90.0,0.0
920.5,768.0,2.1213,3.0,90.0,0.0
1030.5,765.0,2.1213,3.0,90.0,0.0
936.5,765.0,2.1213,3.0,90.0,0.0
945.5,764.0,2.1213,3.0,90.0,0.0
429.59,766.209,4.008,8.848,71.30,0.0
148.38,767.997,7.3463,10.586,80.258,0.0
855.0,763.5,2.1213,3.0,0.0,0.0
1013.711,762.428,3.185,5.101,99.210449,0.0
1016.5,761.0,2.1213,3.0,90.0,0.0
995.5,761.0,2.2139,10.685,90.0,0.0
946.5,761.0,2.1213,3.0,90.0,0.0
1144.0,760.5,2.1213,3.0,0.0,0.0
988.133,761.087,3.2070,7.710,70.411,0.0
984.5,760.0,2.1213,3.0,90.0,0.0
979.5,760.0,2.1213,3.0,90.0,0.0
937.0,760.0,2.1821,4.082,90.0,0.0
167.285,760.5,0.0,1.0,0.0,0.0
111.0,761.5,0.0,0.0008,180.0,0.0
952.0,759.5,2.1213,3.0,0.0,0.0
94.5,759.0,2.1213,3.0,90.0,0.0
423.32,760.319,3.854,9.559,69.369,0.0
129.0,759.5,0.0,0.000,180.0,0.0
871.0,757.5,2.1213,3.0,0.0,0.0
75.97,757.726,2.7812,25.423,92.514,0.0
975.0,755.5,2.1213,3.0,0.0,0.0
866.124,756.009,3.1261,4.506,51.13,0.0
426.5,755.0,0.0,0.001,0.0,0.0
215.0,755.5,2.1213,3.0,0.0,0.0
1145.0,755.0,2.1821,4.082,0.0,0.0
953.804,755.195,2.4433,5.4782,135.0,0.0
404.727,754.5,0.0,1.0,0.0,0.0
957.0,753.5,2.1213,3.0,0.0,0.0
869.5,753.0,2.1213,3.0,90.0,0.0
414.618,755.718,4.7574,10.72,67.901,0.0
952.0,752.5,2.1213,3.0,0.0,0.0
425.0,752.5,0.0,1.0,0.0,0.0
956.0,751.5,2.403,4.535,54.54,0.0
870.0,751.0,2.1821,4.082,90.0,0.0
872.5,750.0,2.1213,3.0,90.0,0.0
959.5,744.0,2.1213,3.0,90.0,0.0
954.0,744.0,2.1821,4.082,90.0,0.0
1006.5,743.0,2.1213,3.0,90.0,0.0
153.0,743.0,0.0,0.000,0.0,0.0
139.0,743.0,0.0,0.000,0.0,0.0
1009.466,742.0,3.252,4.247,0.0,0.0
994.779,741.816,2.8250,7.21,84.83,0.0
888.5,741.0,2.1213,3.0,90.0,0.0
885.5,741.0,2.1213,3.0,90.0,0.0
1013.36,741.175,3.0253,5.649,131.71,0.0
1144.740,439.440,170.92,1149.913,58.79,0.0
997.195,739.401,3.013,4.140,111.049,0.0
992.339,739.339,2.5162,3.5216,45.0,0.0
973.685,973.988,342.554,427.85,158.69,0.0
961.0,740.0,2.1821,4.082,0.0,0.0
667.99,739.996,0.08471,0.20398,0.0,0.0
1014.660,738.660,2.5162,3.5216,45.0,0.0
994.5,738.0,2.1213,3.0,90.0,0.0
967.0,738.5,2.1213,3.0,0.0,0.0
963.0,738.5,2.1213,3.0,0.0,0.0
892.598,738.195,3.013,4.140,21.049,0.0
993.0,736.0,2.1821,4.082,90.0,0.0
1018.5,735.0,2.1213,3.0,90.0,0.0
990.0,735.0,2.1821,4.082,90.0,0.0
983.5,735.0,2.1213,3.0,90.0,0.0
976.5,735.0,2.1213,3.0,90.0,0.0
953.5,735.0,2.1213,3.0,90.0,0.0
910.5,735.0,2.1213,3.0,90.0,0.0
146.08,736.688964,2.1467,3.1921,164.19,0.0
127.965,736.893,2.243,3.4324,177.209,0.0
981.0,734.0,2.1821,4.082,90.0,0.0
906.0,734.0,2.2215,6.497,90.0,0.0
415.5,734.0,0.0,0.003,0.0,0.0
219.0,734.5,2.1213,3.0,0.0,0.0
1022.5,733.0,2.1213,3.0,90.0,0.0
985.0,733.0,2.1821,4.082,90.0,0.0
900.5,733.0,2.1213,3.0,90.0,0.0
904.0,731.0,2.1821,4.082,90.0,0.0
143.5,732.5,1.0006,27.399,0.07652,0.0
908.5,730.5,3.1622,3.1622,0.0,0.0
1265.0,728.0,2.1821,4.082,90.0,0.0
944.0,727.5,2.1213,3.0,0.0,0.0
939.0,727.0,2.1821,4.082,90.0,0.0
934.5,727.0,2.1213,3.0,90.0,0.0
926.5,727.0,2.1213,3.0,90.0,0.0
150.76,730.459,2.807,7.8742,160.49,0.0
122.852,730.250,2.159,9.302,2.856,0.0
1057.0,726.0,2.1821,4.082,90.0,0.0
1040.0,726.0,2.2215,6.497,90.0,0.0
929.5,726.0,2.2105,5.249,90.0,0.0
669.493,726.988,0.30748,0.4898,0.0,0.0
1029.340,725.670,3.015,8.658,96.50,0.0
1023.634,726.365,3.1617,4.81,135.0,0.0
945.339,725.660,2.5162,3.5216,135.0,0.0
942.0,725.0,2.1821,4.082,90.0,0.0
934.5,725.0,2.223,7.822,90.0,0.0
924.56,725.3125,2.9497,6.365,79.75,0.0
787.531,731.558,5.973,224.51,88.26,0.0
1279.611,724.98,3.3746,18.335,80.98,0.0
1024.5,724.0,2.1213,3.0,90.0,0.0
433.425,724.941,1.9860,6.200,50.188,0.0
1289.339355,723.660,2.5162,3.5216,135.00,0.0
1272.5,723.0,2.1213,3.0,90.0,0.0
1164.0,723.5,2.1213,3.0,0.0,0.0
1058.5,723.0,2.2105,5.249,90.0,0.0
1030.5,723.0,2.1213,3.0,90.0,0.0
939.0,723.0,2.1821,4.082,90.0,0.0
934.5,723.0,2.1213,3.0,90.0,0.0
1161.0,722.5,2.1213,3.0,0.0,0.0
1155.5,722.0,2.2139,10.685,90.0,0.0
1120.157,722.312,2.772,16.176,85.41,0.0
1026.5,722.0,2.1213,3.0,90.0,0.0
978.039,724.469,4.514,23.067,86.56,0.0
792.427,724.140,3.187,199.09,88.80,0.0
1289.56,720.3125,2.949,6.365,79.75,0.0
1279.5,720.0,2.2105,5.249,90.0,0.0
669.745,721.770,2.193,3.3882,162.983,0.0
155.69,730.809,2.037,20.127,171.08,0.0
117.5,730.744,0.0,1.0,0.0,0.0
1070.5,719.0,2.2105,5.249,90.0,0.0
136.40,728.003,10.256,18.019,174.96,0.0
128.0,720.437988,4.176,4.318,0.0,0.0
123.97,722.832,1.9906,8.608,154.224,0.0
1267.339355,718.339,2.5162,3.5216,44.99,0.0
1263.0,719.5,2.2105,5.249,0.0,0.0
768.858,719.322,3.3707,84.70,89.05,0.0
690.287,720.506,3.4141,36.98,85.79,0.0
147.93,722.315,2.248,9.106,19.618,0.0
143.408,719.876,3.8912,5.2423,161.18,0.0
1299.0,717.0,2.1821,4.082,90.0,0.0
1296.0,717.5,2.1213,3.0,0.0,0.0
1074.5,717.0,2.1213,3.0,90.0,0.0
989.895,717.894,2.488,48.55,88.96,0.0
349.0,717.0,2.1821,4.082,0.0,0.0
846.968,716.751,2.208,24.09,87.34,0.0
384.0,715.5,2.1213,3.0,0.0,0.0
1298.0,714.5,2.1213,3.0,0.0,0.0
1077.660644,714.660,2.5162,3.5216,44.99,0.0
904.5,714.5,0.0,1.0,0.0,0.0
880.999,715.0,0.00,0.004525,103.30,0.0
1267.660644,713.660,2.5162,3.5216,44.99,0.0
1053.5,713.0,0.0,0.000,0.0,0.0
1296.570,713.037,3.4173,5.53,28.508,0.0
1079.0,712.5,2.1213,3.0,0.0,0.0
939.0,712.5,0.0,1.0,0.0,0.0
415.20,712.725097,1.9514,16.870,87.94,0.0
1085.0,711.0,2.2215,6.497,90.0,0.0
788.985,712.069,2.0630,9.029,85.92,0.0
731.235,711.5,0.0,1.0,0.0,0.0
426.5,712.714,0.0,1.0,0.0,0.0
348.5,711.0,2.1213,3.0,90.0,0.0
1014.223,713.240,4.35,11.81,55.65,0.0
959.281,710.852,2.469,29.391,87.809,0.0
847.5,709.5,0.0,1.0,0.0,0.0
384.0,710.5,2.2105,5.249,0.0,0.0
1052.614,708.417,7.033,39.958,92.154,0.0
787.5,707.0,0.0,0.000,0.0,0.0
730.41,707.926,1.5858,5.813,104.48,0.0
143.23,709.506,2.9329,4.514,171.390,0.0
1087.0,706.5,2.1213,3.0,0.0,0.0
127.52,709.325,3.613,5.679,154.880,0.0
637.0,706.5,0.0,0.000,180.0,0.0
16.183,703.420,5.537,10.334,52.25,0.0
1106.0,711.5,2.1572,24.601,0.0,0.0
1104.0,707.5,2.2139,10.685,0.0,0.0
961.167,705.03,2.198,19.412,89.99,0.0
687.618,704.804,1.3963,17.563,86.17,0.0
419.84,706.809,5.119,19.416,85.89,0.0
1090.5,703.0,2.1213,3.0,90.0,0.0
700.72,703.5,0.0,1.0,0.0,0.0
758.50,702.499,0.9998,12.192,90.67,0.0
730.498,702.99,0.1723,0.28034,121.56,0.0
1277.339355,701.339,2.5162,3.5216,44.99,0.0
786.5,701.5,3.1622,3.1622,0.0,0.0
761.466,673.254,31.601,184.692,68.890,0.0
816.53,702.119,2.7177,5.15,159.03,0.0
307.5,700.0,0.0,0.001,0.0,0.0
1093.0,699.5,2.1213,3.0,0.0,0.0
122.5,702.0,0.0,1.0,180.0,0.0
1279.0,698.5,2.1213,3.0,0.0,0.0
964.0,700.0,0.0,0.000,180.0,0.0
960.206,697.896,1.0685,4.124,61.33,0.0
1176.0,696.5,2.1213,3.0,0.0,0.0
367.980,710.557,22.355,40.060,46.84,0.0
270.040,698.47,1.8639,5.5375,11.746,0.0
1282.5,695.0,2.1213,3.0,90.0,0.0
1100.5,695.0,2.1213,3.0,90.0,0.0
150.89,703.089,1.7271,18.733,169.754394,0.0
1178.0,692.5,2.1213,3.0,0.0,0.0
118.0,703.0,0.0,0.005,180.0,0.0
1101.0,691.5,3.2469,4.248,90.0,0.0
144.194,694.497,1.6036,6.105,15.798,0.0
140.88,691.887,2.2188,2.6661,44.999,0.0
134.52,699.657,8.467,18.296,176.422,0.0
127.034,692.106,2.243,3.4324,177.209,0.0
123.29,693.839,1.369,6.386,150.95,0.0
1177.0,690.5,2.1213,3.0,0.0,0.0
1296.0,696.5,2.1460,28.620,0.0,0.0
1179.5,689.0,2.403,4.535,144.546,0.0
1176.0,688.5,2.1213,3.0,0.0,0.0
1065.0,688.0,2.1821,4.082,90.0,0.0
274.85,689.070,1.3810,2.577,49.796,0.0
421.5,686.5,3.1622,3.1622,0.0,0.0
551.31,690.031738,173.605,177.93,152.88,1.0
677.09,686.245,0.7217,6.09,159.967,0.0
1291.0,684.0,2.2198,9.219,0.0,0.0
1294.060,683.730,3.551,9.33,8.770,0.0
1176.870,680.870,3.8421,4.53,44.99,0.0
1104.5,680.0,2.1213,3.0,90.0,0.0
139.85,681.892,2.751,3.8954,42.09,0.0
125.86,681.793,2.199,3.7746,166.99,0.0
147.0,681.5,0.0,0.001,0.0,0.0
1292.0,678.5,2.1213,3.0,0.0,0.0
1184.0,679.5,2.2105,5.249,0.0,0.0
1003.0,680.5,2.2139,10.685,0.0,0.0
40.600,678.119,2.2880,6.297,70.39,0.0
1259.5,677.0,2.403,4.535,35.45,0.0
118.0,680.5,0.0,0.0022,0.0,0.0
331.5,675.0,0.0,0.001,0.0,0.0
307.5,675.0,0.0,0.001,0.0,0.0
275.5,678.0,0.0,1.0,0.0,0.0
1185.0,675.5,2.2105,5.249,0.0,0.0
845.111816,683.806,8.953,17.55,2.891,0.0
146.0,675.5,0.0,0.000,180.0,0.0
1291.0,674.5,2.223,7.822,0.0,0.0
1186.0,672.5,2.1213,3.0,0.0,0.0
1175.0,675.5,2.2139,10.685,0.0,0.0
1051.5,672.0,2.2139,10.685,90.0,0.0
1259.814,677.001,4.967,17.705,26.05,0.0
1184.279,669.0,2.998,3.8324,0.0,0.0
345.0,669.5,0.0,0.000,180.0,0.0
271.50,668.499,0.9998,12.192,90.67,0.0
145.0,669.5,0.0,0.000,180.0,0.0
122.5,667.5,0.9993,27.373,0.07626,0.0
1188.5,665.5,3.1622,3.1622,0.0,0.0
1184.5,664.0,2.1213,3.0,90.0,0.0
930.154,679.459,19.187,34.07,3.708,0.0
140.5,666.5,0.0,1.0,180.0,0.0
137.45,664.771,1.1436,2.655,7.018,0.0
131.96,672.258,7.2894,17.497,174.70,0.0
125.45,664.771,1.1436,2.655,7.018,0.0
991.286,679.864,24.31,33.42,160.492,0.0
1113.0,661.5,0.0,0.00,0.0,0.0
371.0,658.0,0.0,0.000,0.0,0.0
307.5,658.0,0.0,0.001,0.0,0.0
1304.0,657.0,2.1821,4.082,0.0,0.0
1182.5,655.0,2.1213,3.0,90.0,0.0
1177.5,655.0,2.1213,3.0,90.0,0.0
1194.0,654.5,2.1213,3.0,0.0,0.0
1187.0,654.0,2.1821,4.082,90.0,0.0
1179.5,654.0,2.1213,3.0,90.0,0.0
355.5,654.0,0.0,0.001,0.0,0.0
1184.5,653.0,2.1213,3.0,90.0,0.0
786.164,683.989746,56.279,64.71,176.817871,0.0
720.001,687.267,57.80,96.68,79.82,0.0
124.560,654.040,2.1457,3.2975,113.219,0.0
1188.0,652.0,2.1821,4.082,90.0,0.0
846.061,689.059,52.542,66.74,4.625,0.0
1191.904,653.611,4.620,7.388,4.402,0.0
928.744,680.022,54.325,64.78,9.032,0.0
889.678,680.00,17.19,80.72,1.0937,0.0
1112.854980,685.815,18.145,66.463,179.26,0.0
980.5,650.0,2.1213,3.0,90.0,0.0
984.0,649.0,2.1821,4.082,90.0,0.0
713.5,649.0,0.0,0.000,0.0,0.0
693.5,649.0,0.0,0.000,0.0,0.0
1067.5,648.0,2.2139,10.685,90.0,0.0
1051.5,648.0,2.2139,10.685,90.0,0.0
1035.5,648.0,2.2139,10.685,90.0,0.0
1008.5,648.0,2.1213,3.0,90.0,0.0
1000.350,648.637,3.37,17.68,96.93,0.0
725.0,648.5,0.0,1.0,0.0,0.0
260.0,648.0,2.1821,4.082,90.0,0.0
256.5,648.0,2.1213,3.0,90.0,0.0
855.5,646.0,0.0,0.003,0.0,0.0
323.577,647.289,4.063,121.02,89.92,0.0
229.49,645.993,0.7002,14.99,134.87,0.0
1127.0,644.5,2.1213,3.0,0.0,0.0
923.5,644.0,0.0,0.001,0.0,0.0
129.0,644.5,2.1213,3.0,0.0,0.0
1137.805,645.652,5.255,7.423,124.84,0.0
677.58,643.876,2.642,13.884,87.75,0.0
362.01,643.819,3.7335,26.690,87.38,0.0
19.501,645.0,1.0044,30.11,0.0,0.0
253.5,642.0,2.1213,3.0,90.0,0.0
671.0,641.5,2.1213,3.0,0.0,0.0
426.53,647.570800,3.7944,17.475,45.21,0.0
296.217,642.653,5.417,81.98,89.950,0.0
110.34,641.833,2.783,8.45,85.754,0.0
1134.888,641.050,3.8056,5.048,3.4909,0.0
129.769,645.633,3.5576,10.608,175.21,0.0
351.659,640.863,6.902,33.13,83.46,0.0
673.712,637.883,4.45,10.849,77.200,0.0
1158.55,640.944,2.8605,15.428,165.16,0.0
1156.0,633.5,2.1213,3.0,0.0,0.0
676.283,632.619,3.569,15.551,87.34,0.0
669.5,632.0,2.1213,3.0,90.0,0.0
222.731,640.284,4.682,11.20,151.63,0.0
54.0,633.0,2.1821,4.082,0.0,0.0
1155.0,631.5,2.1213,3.0,0.0,0.0
439.01,633.164,4.838,14.474,47.88,0.0
675.595214,635.828,16.960,22.919,158.913,0.0
814.871,629.88,4.773,6.556,2.3797,0.0
1136.5,626.0,2.1213,3.0,90.0,0.0
825.872,627.408,5.378,6.556,76.326,0.0
913.076,627.54,3.9945,6.02,3.253,0.0
859.69,626.425,5.200,6.305,81.88,0.0
847.695,629.699,9.15,11.157,0.5378,0.0
836.130,627.024,5.859,7.070,55.46,0.0
1138.5,624.0,2.1213,3.0,90.0,0.0
872.29,629.148,9.144,11.544,0.5635,0.0
835.956,629.32,7.397,15.26,5.26,0.0
825.482,628.760253,8.34,13.25,13.796,0.0
815.117,641.581542,9.813,30.665,178.18,0.0
803.910,630.659,8.55,13.433,4.7462,0.0
665.5,624.0,2.1213,3.0,90.0,0.0
1008.684,625.601,4.625,6.135,9.581,0.0
953.447,627.53,9.035,11.206,3.222,0.0
941.264,624.565,5.276,6.970,77.52,0.0
888.817,629.026,8.535,14.638,0.33177,0.0
872.11,629.289,11.046,13.720,9.103,0.0
859.871582,629.911,8.303,17.768,177.730,0.0
847.787,629.753,11.023,13.668,5.0797,0.0
295.816,698.152,131.71,307.559,90.46,0.0
912.918,633.870,8.818,21.338,1.3800,0.0
899.653,628.43,10.067,15.819,32.84,0.0
895.908,628.861,3.2429,11.062,3.2334,0.0
442.49,622.994,0.7048,12.621,45.03,0.0
976.5,627.557,8.56,28.544,0.0,0.0
965.121,627.109375,8.84,13.343,7.122,0.0
953.430,627.42,11.346,13.72,8.143,0.0
941.012,627.755,8.470,17.604,0.9237,0.0
933.5,627.259277,0.0,1.0,180.0,0.0
924.813964,628.588,8.058,37.88,1.6754,0.0
1008.468,635.152,9.326,26.501,2.1223,0.0
995.093,626.00,13.187,15.78,6.206,0.0
984.5,626.5,0.0,1.0,180.0,0.0
662.5,617.0,2.1213,3.0,90.0,0.0
1147.0,616.0,0.0,0.000,0.0,0.0
660.0,616.0,2.1821,4.082,90.0,0.0
428.5,618.27,0.0,1.0,0.0,0.0
33.0,615.0,2.1821,4.082,90.0,0.0
655.0,613.5,2.1213,3.0,0.0,0.0
252.60,613.853,2.6648,11.596,86.54,0.0
715.037,615.349,17.835,23.14,45.95,0.0
663.5,611.0,2.1572,24.601,90.0,0.0
1295.437,638.006,26.659,93.60,173.02,0.0
1186.351,617.540527,8.452,52.82,82.162,0.0
721.435,604.266113,27.17,50.69,137.91,0.0
676.5,610.0,2.1991,13.813,90.0,0.0
652.241,610.724,2.720,4.32,67.44,0.0
33.55,612.77,7.417,23.286,96.47,0.0
272.574,622.945,24.974,90.84,93.95,0.0
668.185,615.70,20.509,32.432,98.69,0.0
45.0,607.5,0.0,1.0,0.0,0.0
525.5,606.5,0.0,1.0,0.0,0.0
255.39,607.399,0.5652,1.2652,0.0,0.0
276.082,605.695,1.8621,12.003,86.65,0.0
231.92,604.988,0.22102,0.94,0.0,0.0
23.06,605.0,1.4569,2.426,130.69,0.0
9.631,609.356,11.658,18.05,89.90,0.0
742.625,1290.038,984.504,1480.972,62.65,0.0
558.338,611.88,16.564,57.361,96.33,0.0
677.419,602.779785,2.8048,12.896,86.16,0.0
36.5,605.0,0.0,1.0,180.0,0.0
428.5,605.5,0.0,1.0,0.0,0.0
275.23,601.5,0.0,1.0,0.0,0.0
55.27,606.851,7.678,28.15,109.48,0.0
665.329,602.999,4.699,47.602,89.977,0.0
81.0,600.0,2.1821,4.082,90.0,0.0
28.411,603.986,6.362,8.476,170.92,0.0
2.428,599.679,2.1380,4.732,68.87,0.0
669.080,597.494,3.2301,42.456,89.94,0.0
764.643,602.07,16.938,24.24,81.05,0.0
425.741,596.50,0.993,5.204,157.51,0.0
12.458,597.037,6.276,16.405,86.92,0.0
23.34,597.960,3.561,11.13,44.198,0.0
813.261,600.726,16.26,22.245,2.21,0.0
998.0,596.087,6.816,11.436,0.0,0.0
975.210,592.583,9.678,11.70,80.48,0.0
41.467,591.290,4.6070,7.4048,96.78,0.0
1025.58,591.5,9.793,10.796,90.0,0.0
733.691,596.573,16.06,19.346,12.519,0.0
711.465,595.151,14.86,17.223,18.336,0.0
31.540,590.733,3.6584,6.5264,139.02,0.0
763.374,603.551,36.708,43.88,53.89,0.0
844.232,598.741,24.132,32.94,3.664,0.0
813.401,600.875,29.724,31.430,19.494,0.0
917.560,599.190,20.78,31.184,0.7878,0.0
894.589,601.114,21.11,30.452,169.59,0.0
870.922,597.658,24.977,28.494,9.537,0.0
973.407714,595.341,21.158,31.097,25.940,0.0
941.395,595.960,24.41,28.780,13.583,0.0
1025.144,597.192,23.513,33.93,177.05,0.0
998.033,601.71,22.28,35.04,4.266,0.0
1052.547,596.496,25.186,31.729,3.281,0.0
530.667,576.971,3.4674,17.374,84.58,0.0
11.272,579.217,3.939,7.919,24.793,0.0
7.48,575.758,1.063,3.722,2.610,0.0
11.0,569.0,2.1821,4.082,90.0,0.0
9.832,577.811,17.93,20.978,72.91,0.0
529.657,564.68,1.664,6.105,140.85,0.0
0.5,565.764,0.0,1.0,180.0,0.0
834.62,568.05,15.713,16.268,168.43,0.0
824.368,570.152832,3.639,23.495,1.6308,0.0
809.734863,569.51,18.823,20.158,9.114,0.0
877.424,568.798,3.4979,23.77,1.0733,0.0
865.094,567.550,14.245,19.443,3.0747,0.0
848.92,568.835,12.855,17.397,2.2578,0.0
520.937,556.385,1.3140,5.049,157.625,0.0
509.5,552.0,2.1213,3.0,90.0,0.0
521.401,547.195,3.013,4.140,158.950,0.0
417.999,546.996,0.00,0.00,0.0,0.0
723.03,562.983,40.43,40.96,29.516,0.0
510.5,542.5,3.1622,3.1622,0.0,0.0
203.90,893.906,375.174,564.733,149.585,0.0
39.50,539.499,0.9998,12.192,90.67,0.0
526.669,559.729,20.484,54.75,131.90,0.0
1200.581,512.996,0.11542,0.4006,106.035,0.0
510.0,506.5,2.1213,3.0,0.0,0.0
491.546,515.663,12.253,21.340,18.859,0.0
472.360,495.908,3.5017,5.018,65.80,0.0
1174.660644,489.33,2.5162,3.5216,135.00,0.0
484.399,487.27,4.1482,8.997,54.84,0.0
807.5,482.0,2.1572,24.601,90.0,0.0
755.5,482.0,2.1196,41.804,90.0,0.0
711.5,482.0,2.1572,24.601,90.0,0.0
663.5,482.0,2.1572,24.601,90.0,0.0
645.0,482.0,2.2215,6.497,90.0,0.0
635.5,482.0,2.2139,10.685,90.0,0.0
587.5,482.0,2.2139,10.685,90.0,0.0
843.5,481.0,2.2139,10.685,90.0,0.0
827.5,481.0,2.2139,10.685,90.0,0.0
787.5,481.0,2.1196,41.804,90.0,0.0
695.41,481.579,3.3241,16.014,85.14,0.0
623.5,481.0,2.1572,24.601,90.0,0.0
566.774,481.358,2.886,35.49,88.30,0.0
547.5,481.0,2.2139,10.685,90.0,0.0
855.5,480.0,2.1572,24.601,90.0,0.0
835.5,480.0,2.2139,10.685,90.0,0.0
811.5,480.0,2.1196,41.804,90.0,0.0
719.5,480.0,2.1572,24.601,90.0,0.0
595.5,480.5,3.3342,10.381,90.0,0.0
448.0,480.5,2.1213,3.0,0.0,0.0
878.774,479.358,2.886,35.49,88.30,0.0
947.5,478.0,2.2139,10.685,90.0,0.0
907.5,478.0,2.2139,10.685,90.0,0.0
964.184,477.715,3.03,7.053,95.59,0.0
655.5,472.0,2.095,61.761,90.0,0.0
563.5,472.0,2.2139,10.685,90.0,0.0
703.142,471.16,2.575,40.01,88.866,0.0
609.5,471.0,2.2105,5.249,90.0,0.0
591.5,471.0,2.1572,24.601,90.0,0.0
450.33,470.66,2.5162,3.5216,135.0,0.0
1316.0,469.5,0.0,0.00,0.0,0.0
485.419,471.327636,5.992,16.131,39.29,0.0
455.365,472.01,9.661,14.972,144.43,0.0
436.195,464.401,3.013,4.140,111.04,0.0
694.0,463.0,2.1821,4.082,90.0,0.0
448.80,463.80,2.4433,5.4782,45.0,0.0
440.5,463.0,2.1213,3.0,90.0,0.0
442.804,461.598,3.013,4.140,111.04,0.0
446.975,460.853,2.9974,4.950,129.69,0.0
675.5,459.0,2.2139,10.685,90.0,0.0
440.0,459.5,2.1213,3.0,0.0,0.0
714.0,458.0,2.2215,6.497,90.0,0.0
643.5,458.5,3.3342,10.381,90.0,0.0
581.971,458.574,3.1984,29.91,88.75,0.0
525.5,458.0,2.1213,3.0,90.0,0.0
796.0,456.0,2.2067,12.218,90.0,0.0
779.5,456.0,2.2139,10.685,90.0,0.0
747.5,456.0,2.0798,84.13,90.0,0.0
707.5,456.0,2.2139,10.685,90.0,0.0
571.5,456.0,2.2139,10.685,90.0,0.0
539.5,456.0,2.2139,10.685,90.0,0.0
443.0,457.5,2.37,8.604,132.730,0.0
1092.0,455.0,2.1821,4.082,90.0,0.0
810.338,455.766,2.897,10.947,93.94,0.0
899.5,454.0,2.2139,10.685,90.0,0.0
881.0,454.0,2.1821,4.082,90.0,0.0
847.5,454.0,2.1572,24.601,90.0,0.0
826.10,454.715,2.7764,29.587,91.95,0.0
814.5,454.0,2.1213,3.0,90.0,0.0
906.0,453.0,2.2215,6.497,90.0,0.0
885.0,453.0,2.2215,6.497,90.0,0.0
875.5,453.0,2.2139,10.685,90.0,0.0
953.5,452.0,2.1213,3.0,90.0,0.0
800.5,452.0,2.1213,3.0,90.0,0.0
909.0,450.0,2.2215,6.497,90.0,0.0
1208.036,450.212,1.5136,8.399,55.195,0.0
801.0,448.0,2.1821,4.082,90.0,0.0
749.5,447.0,2.1361,32.832,90.0,0.0
883.5,445.0,2.2139,10.685,90.0,0.0
1128.0,444.5,2.1213,3.0,0.0,0.0
759.5,444.0,2.1572,24.601,90.0,0.0
1216.65,443.979,1.6195,3.9017,66.68,0.0
839.5,443.0,2.1572,24.601,90.0,0.0
791.5,443.0,2.1572,24.601,90.0,0.0
893.5,442.0,2.2105,5.249,90.0,0.0
771.5,440.0,2.2139,10.685,90.0,0.0
751.5,440.0,2.1572,24.601,90.0,0.0
803.5,434.0,2.2139,10.685,90.0,0.0
1225.783,435.716,0.0,0.7071,0.0,0.0
414.232,434.953613,7.425,13.083,82.37,0.0
804.85,458.429,59.54,826.286,90.102,0.0
1251.5,426.348,3.1567,4.827,90.0,0.0
1203.684,638.128,222.71,432.789,170.27,0.0
1240.131,451.84,29.22,94.41,51.97,0.0
1233.5,425.5,0.9669,6.100,33.791,0.0
1103.5,424.5,1.0006,28.728,0.06959,0.0
807.5,422.0,0.0,0.003,0.0,0.0
1311.5,418.5,0.5296,1.3334,0.0,0.0
1288.5,418.5,0.0,1.0,0.0,0.0
1253.582,419.124,2.3429,2.6129,0.0,0.0
1271.563964,417.076,0.41842,6.87,93.23,0.0
807.5,417.0,0.0,0.003,0.0,0.0
1239.501,418.0,1.0048,28.72,0.0,0.0
547.5,415.0,0.0,0.00,0.0,0.0
1141.74,411.5,0.0,1.0,0.0,0.0
1127.73,412.0,1.4398,3.708,59.178,0.0
811.5,409.0,0.0,0.00,0.0,0.0
763.5,409.0,0.0,0.00,0.0,0.0
699.5,409.0,0.0,0.00,0.0,0.0
690.0,409.0,0.0,0.000,0.0,0.0
667.5,409.0,0.0,0.00,0.0,0.0
643.5,409.0,0.0,0.00,0.0,0.0
646.756,570.887,132.39,142.816,7.298,1.0
399.371,630.444,5.041,6.35,88.32,0.0
386.790,629.858,1.8045,7.533,96.56,0.0
355.953,631.171,1.736,4.417,20.691,0.0
315.601,632.578,3.5485,6.644,1.5397,0.0
287.87,630.49,1.0022,6.553,61.391,0.0
215.82,630.046,1.7366,4.4171,69.30,0.0
182.46,630.143,3.931,4.738,55.17,0.0
134.975,632.778,5.714,11.324,92.52,0.0
115.808,631.45,2.6412,5.620,49.86,0.0
452.0,628.5,2.1213,3.0,0.0,0.0
427.551,632.192,6.911,12.710,128.000488,0.0
403.5,628.0,2.1213,3.0,90.0,0.0
366.5,628.5,0.0,1.0,0.0,0.0
214.50,637.668,7.99,15.815,0.0,0.0
191.49,629.507,1.009,12.328,0.11481,0.0
299.98,687.922,32.13,283.160,0.0,0.0
106.5,628.0,2.1213,3.0,90.0,0.0
29.42,629.029,2.2434,5.8785,87.27,0.0
1282.989,624.473,0.13197,1.4854,5.0243,0.0
335.0,627.5,0.0,1.0,0.0,0.0
304.5,627.0,2.1213,3.0,90.0,0.0
284.058,629.42,1.9857,6.199,140.185,0.0
276.46,627.66,2.9992,4.594,102.06,0.0
229.82,629.753,3.6463,5.505,145.11,0.0
93.43,628.263,1.8860,7.718,99.70,0.0
1189.5,626.0,2.1213,3.0,90.0,0.0
931.0,626.5,2.1213,3.0,0.0,0.0
702.001,628.00,0.00,0.008313,157.47,0.0
393.0,627.5,0.9319,1.239,73.15,0.0
294.0,627.499511,0.03244,0.1069,0.0,0.0
289.73,626.006,0.18409,0.36869,63.52,0.0
266.0,627.5,0.04635,0.07495,0.0,0.0
263.0,628.0,3.464,3.464,0.0,0.0
158.0,626.5,2.1213,3.0,0.0,0.0
140.17,625.981,3.690,4.873,137.613,0.0
80.5,626.5,0.0,1.0,0.0,0.0
401.478027,630.898,9.473,12.998,97.21,0.0
330.500,625.07,0.4088,6.745,93.23,0.0
328.01,626.46,2.15,3.4098,155.37,0.0
303.575,626.624511,5.249,8.233,114.04,0.0
270.439,627.398,1.3338,5.304,146.28,0.0
255.188,626.587,3.3652,6.855,68.29,0.0
219.451,630.368,6.423,16.495,61.564,0.0
204.311,627.623,4.6504,6.813,90.52,0.0
149.03,626.70,10.613,18.819,103.49,0.0
120.164,627.785,2.7941,8.769,141.38,0.0
105.63,627.152,2.869,5.371,121.27,0.0
66.51,625.500,1.0026,13.573,90.64,0.0
602.399,625.399,0.5652,1.2652,0.0,0.0
411.32,626.638,6.17,6.505,128.04,0.0
363.901,624.796,1.5102,2.4803,121.778,0.0
218.75,624.5,1.0,7704.976074,90.0,0.0
174.60,625.60,3.4130,5.5641,105.74,0.0
112.48,626.996582,2.1763,6.3638,39.516,0.0
13.0,624.0,3.464,3.464,0.0,0.0
446.414,625.819,5.575,8.081,60.388,0.0
231.44,624.746,1.9165,4.167,146.69,0.0
198.72,623.827,3.822,5.709,139.79,0.0
167.18,625.430,3.2198,6.157,52.495,0.0
98.28,623.5,0.0,1.0,0.0,0.0
65.15,623.495,0.9929,60.053,90.073,0.0
708.5,622.5,0.0,1.0,0.0,0.0
413.516,625.449,6.4506,17.705,76.66,0.0
312.934,625.346,3.0275,6.668,22.408,0.0
149.92,623.813,2.37,4.154,171.015,0.0
132.5,623.0,2.2347,3.205,119.28,0.0
63.29,622.000,0.03809,0.11171,71.18,0.0
36.417480,623.624,1.307,3.047,109.142,0.0
432.504,621.49,0.9999,12.249,89.89,0.0
396.94,621.769,2.6309,4.309,84.72,0.0
324.486,622.320,2.5750,4.929,60.102,0.0
287.425,621.941,1.9860,6.200,50.188,0.0
239.39,623.379,4.125,9.132,102.660,0.0
214.121,623.109,2.832,7.432,63.878,0.0
47.85,621.994,0.11489,2.349,87.21,0.0
29.051,623.03,2.2044,4.13,23.357,0.0
402.75,620.5,1.0,8604.836,90.0,0.0
356.75,620.5,1.0,8604.836,90.0,0.0
270.108,620.499,0.9974,57.903,89.996,0.0
108.5,620.5,0.0,1.0,0.0,0.0
103.28,621.471,2.5803,3.1824,24.808,0.0
25.389,617.052,4.3199,11.67,30.013,0.0
6.922,621.021,0.9493,4.564,119.01,0.0
935.401,619.804,3.013,4.140,21.049,0.0
120.06,626.379,9.252,13.051,27.90,0.0
76.903,620.911,4.300,4.806,8.443,0.0
38.0,619.5,0.9319,1.239,106.84,0.0
1284.0,619.5,0.0,0.00,0.0,0.0
290.46,620.011,3.198,5.310,129.920,0.0
169.5,618.5,3.1622,3.1622,0.0,0.0
91.486,622.468,4.240,7.888,30.224,0.0
45.37,618.966308,2.1108,3.430,67.87,0.0
441.227,621.157,4.7740,10.880,54.949,0.0
430.006,617.997,1.261,2.1976,134.943,0.0
398.5,618.0,0.7071,1.0,0.0,0.0
374.504,619.428,5.2432,21.032,92.52,0.0
329.503,618.000,0.11492,0.18586,58.217,0.0
294.75,617.5,1.0,7704.976074,90.0,0.0
253.98,618.01,1.8718,4.299,108.05,0.0
232.06,619.142,3.135,5.391,110.12,0.0
129.99,618.508,0.7182,16.690,44.74,0.0
409.656,617.790,3.712,6.481,77.94,0.0
320.941,616.633,2.8847,4.267,83.45,0.0
301.848,618.735,4.845,7.194,109.45,0.0
266.35,617.309,2.0213,8.34,97.76,0.0
217.05,615.575,1.985,6.199,39.81,0.0
210.0,616.0,3.464,4.920,90.0,0.0
155.125,618.265,2.6182,8.279,57.481,0.0
63.5,616.5,0.5296,1.3333,0.0,0.0
319.5,615.5,0.529,1.3333,0.0,0.0
248.44,618.436,5.134,7.58,158.35,0.0
204.5,616.0,1.5895,3.845,65.99,0.0
102.79,616.102,1.5293,2.480,31.269,0.0
68.67,617.69,2.7779,5.234,164.11,0.0
366.00,614.999,0.07588,0.18256,0.0,0.0
332.0,615.0,2.8215,5.259,49.73,0.0
172.5,614.5,3.1622,3.1622,0.0,0.0
677.984,613.488,0.7084,12.654,135.33,0.0
351.649,613.5,0.0,1.0,0.0,0.0
347.560,615.669,5.004,10.630,102.54,0.0
253.5,614.5,1.3373,7.004,114.026,0.0
189.0,615.0,3.2941,15.014,1.3012,0.0
170.46,617.720,7.265,14.381,61.35,0.0
96.5,613.5,0.5296,1.33,0.0,0.0
438.026,614.807,4.282,5.220,121.72,0.0
421.32,618.01,9.827,10.064,179.29,0.0
393.423,613.064,1.5143,3.8863,66.06,0.0
276.5,612.497,1.00,9.650,179.353,0.0
236.469,613.746,3.928,11.235,85.87,0.0
181.5,612.0,2.1213,3.0,90.0,0.0
28.0,613.5,3.386,30.990,143.63,0.0
7.682,615.421,5.453,8.590,53.91,0.0
414.808,611.983,1.674,5.34,73.034,0.0
403.599,612.39,0.5657,1.2654,0.0,0.0
378.49,612.501,0.037303,0.15773,0.0,0.0
256.85,613.70,3.7248,9.43,112.75,0.0
130.25,613.161,2.8861,4.622,155.63,0.0
18.395,613.206,4.257,10.659,80.80,0.0
650.231,803.140625,188.65,361.11,177.672,0.0
371.959,610.56,2.145,3.2972,23.21,0.0
295.489,610.97,2.0622,4.555,113.919,0.0
242.99,611.0,0.00,0.004525,76.695,0.0
165.5,610.0,2.1213,3.0,90.0,0.0
109.0,610.5,0.0,1.0,0.0,0.0
103.65,617.750,11.99,18.59,116.94,0.0
80.50,610.999,0.07209,0.11678,58.26,0.0
70.0,610.5,2.1213,3.0,0.0,0.0
968.433,610.105,2.253,11.076,90.497,0.0
356.706,610.498,1.7211,2.4385,61.177,0.0
346.489,609.499,0.9999,12.191,89.33,0.0
238.53,610.035,0.0,0.7071,0.0,0.0
180.28,618.660,8.721,17.42,177.104,0.0
95.363,610.636,2.700,3.351,44.99,0.0
60.70,610.248,2.3042,6.440,105.76,0.0
985.799,608.980,2.077,9.302,90.36,0.0
976.0,609.5,0.0,0.000,180.0,0.0
443.53,609.532,2.6974,3.7569,135.0,0.0
429.103,609.953,3.1005,4.301,137.652,0.0
264.0,608.0,3.6856,14.411,87.95,0.0
220.5,608.75,1.0,10197.708,180.0,0.0
113.80,608.799,2.201,2.9425,45.0,0.0
91.41,609.209,1.2306,2.266,165.69,0.0
69.98,610.767,4.966,5.35,85.85,0.0
43.798,609.102,1.5293,2.480,31.269,0.0
950.232,607.903,1.8683,6.985,97.66,0.0
416.97,607.989,1.8335,4.409,71.27,0.0
252.58,608.486,2.6087,9.22,79.594,0.0
196.06,609.071,3.341,14.17,76.406,0.0
179.0,607.5,0.0,1.0,0.0,0.0
83.20,608.103,1.0685,4.124,118.66,0.0
33.716308,609.003,4.008,4.616,8.499,0.0
969.5,606.5,0.0,1.0,0.0,0.0
412.0,607.0,1.632,2.8284,45.0,0.0
394.86,607.455,1.5416,5.086,61.212,0.0
285.344,607.172,1.3270,2.150,150.27,0.0
237.0,606.5,0.0,1.0,0.0,0.0
128.58,607.007,3.4318,5.516,60.286,0.0
387.504,606.007,0.71,12.687,134.96,0.0
280.900878,607.03,1.5033,7.448,44.16,0.0
168.0,605.406,2.1238,3.0229,0.0,0.0
134.797,616.817,8.309,29.980,0.0,0.0
62.0,605.5,0.0,1.0,0.0,0.0
404.5,605.5,1.0006,27.399,0.07652,0.0
388.252,603.722,10.65,18.091,0.0,0.0
360.0,605.500,0.026609,0.13843,169.08,0.0
223.40,605.826,2.1696,6.758,111.27,0.0
214.0,604.5,0.0,1.0,0.0,0.0
138.335,606.959,3.8461,5.466,25.69,0.0
53.11,606.436,3.3787,8.825,26.986,0.0
999.0,603.0,2.1821,4.082,90.0,0.0
425.221,605.325,4.870,9.968,85.467,0.0
419.0,604.0,1.632,2.8284,135.0,0.0
392.504,604.007,0.71,12.687,134.96,0.0
204.47,602.985,4.0285,10.356,96.75,0.0
183.92,605.535,1.8694,4.868,169.337,0.0
145.147,603.480,2.690,26.52,69.57,0.0
100.89,604.747,4.322,4.945,107.33,0.0
87.19,604.405,2.2516,5.558,54.678,0.0
46.37,603.496,1.0087,9.571,90.81,0.0
275.630,603.021,1.5926,3.857,114.20,0.0
228.99,602.0,0.057013,0.05704,0.0,0.0
151.27,603.241,2.720,4.32,157.44,0.0
131.0,602.5,0.0,1.0,0.0,0.0
113.12,604.127,1.7476,4.3925,164.16,0.0
1336.295,601.000,0.038092,0.1117,71.18,0.0
378.5,601.5,0.529,1.3333,0.0,0.0
370.261,602.696,1.5601,4.145,43.99,0.0
265.5,603.27,0.0,1.0,0.0,0.0
173.83,602.38,4.71,8.993,108.16,0.0
106.26,602.23,2.958,3.9099,64.128,0.0
2.006,601.997,1.2611,2.1976,134.943,0.0
145.49,601.007,0.7113,15.014,44.83,0.0
1227.0,599.5,2.1213,3.0,0.0,0.0
218.0,599.0,0.0,0.000,0.0,0.0
99.99,600.0,0.00,0.004525,103.30,0.0
925.994,599.103,1.989,5.36,104.07,0.0
288.0,599.0,1.632,2.8284,135.0,0.0
198.02,604.060,5.802,15.896,56.800,0.0
181.66,599.266113,1.6784,5.354,113.42,0.0
48.25,598.75,0.7071,8529.546875,135.0,0.0
392.99,598.0,0.00,0.004525,76.695,0.0
239.107,600.913,2.181,8.158,33.61,0.0
168.5,597.5,0.0,1.0,0.0,0.0
145.22,597.5,0.0,1.0,0.0,0.0
116.10,599.49,3.9405,6.005,119.83,0.0
91.5,597.5,0.5296,1.33,0.0,0.0
69.80,598.390,4.932,6.565,71.53,0.0
23.07,598.021,0.9493,4.564,60.986,0.0
1360.19,597.10,1.5334,2.483,148.154,0.0
1012.869,597.309,1.6665,3.552,33.985,0.0
234.0,596.78,1.2118,4.185,60.74,0.0
205.99,597.0,0.00,0.004525,103.30,0.0
137.06,599.12,2.396,6.856,179.86,0.0
81.93,598.148,3.945,6.658,77.16,0.0
417.04,596.662,1.370,5.897,61.515,0.0
377.273,596.03,2.1050,6.095,95.726,0.0
365.50,595.499,0.9998,12.192,90.67,0.0
215.08,597.23,3.451,7.535,80.97,0.0
156.11,598.628,6.53,8.829,39.81,0.0
109.81,596.671,3.5268,8.000,84.07,0.0
387.71,594.5,0.0,1.0,0.0,0.0
296.963,594.791503,2.255,4.269,71.38,0.0
252.5,594.5,0.0,1.0,0.0,0.0
130.35,596.116,1.8281,5.352,29.38,0.0
920.413,594.996,1.8795,5.257,128.730,0.0
156.02,416.42,28.049,645.204589,0.0,0.0
401.22,594.388,2.92,6.828,70.71,0.0
340.5,594.5,0.0,1.0,0.0,0.0
164.339,593.339,2.516,3.521,44.999,0.0
122.83,598.548,5.2895,12.324,148.97,0.0
96.31,593.89,2.2440,3.1419,113.58,0.0
74.02,594.918457,1.5624,4.195,37.01,0.0
374.5,592.5,1.4142,3.7416,45.0,0.0
223.04,594.499,1.8328,6.258,36.08,0.0
194.5,592.5,3.1622,3.1622,0.0,0.0
1351.411,591.953,2.1203,3.3231,106.51,0.0
601.499,592.507,1.0095,12.30,0.11517,0.0
437.5,592.285,0.0,1.0,180.0,0.0
433.50,591.499,0.9998,12.192,90.67,0.0
365.5,591.5,0.0,1.0,0.0,0.0
260.143,592.623,2.2257,5.799,131.166,0.0
217.63,592.65625,3.407,5.718,102.15,0.0
184.0,591.0,2.1821,4.082,90.0,0.0
82.86,592.204,0.6476,20.80,0.0,0.0
116.5,592.0,0.0,1.0,0.0,0.0
83.773,592.423,2.9096,5.2896,27.573,0.0
63.19,591.894,2.7310,4.956,134.75,0.0
416.569,620.938,5.627,58.141,0.0,0.0
228.728,591.372,3.3000,5.155,122.31,0.0
158.99,589.998,0.00,0.007213,157.46,0.0
95.59,590.705,3.3765,5.8050,76.07,0.0
76.01,589.500,1.0112,13.570,90.32,0.0
1362.092,589.466,1.7448,5.608,118.355,0.0
1355.75,589.708,3.090,3.3509,95.82,0.0
440.5,588.0,0.0,0.000,0.0,0.0
392.33,588.339,2.5162,3.5216,45.0,0.0
369.554,589.515,2.1144,5.655,119.75,0.0
348.02,591.915,5.624,9.470,59.011,0.0
234.45,589.523,1.5337,4.697,43.23,0.0
208.57,590.549,4.763,9.233,110.04,0.0
176.14,589.266,4.455,5.881,45.849,0.0
151.637,606.844,17.10,42.03,38.32,0.0
104.619,588.985,1.7543,5.632,104.00,0.0
80.25,589.25,0.7071,8409.098,45.0,0.0
1350.081542,587.97,1.562,4.195,52.98,0.0
1331.0,588.0,1.632,2.8284,45.0,0.0
412.678,588.841,3.5490,3.947,21.870,0.0
358.005,590.127,5.1987,6.458,23.325,0.0
307.5,587.0,2.1213,3.0,90.0,0.0
302.0,587.5,2.1213,3.0,0.0,0.0
292.0,587.5,2.403,4.535,125.45,0.0
7.267,587.24,1.5251,6.853,74.46,0.0
423.826,588.417480,2.1631,6.1866,133.25,0.0
406.187988,588.876,4.072,5.717,160.266,0.0
389.105,587.538,4.553,5.502,106.51,0.0
320.934,589.58,5.8604,8.414,0.7725,0.0
259.5,586.0,2.1213,3.0,90.0,0.0
217.69,587.658,2.867,4.401,127.70,0.0
109.909,588.445,2.681,4.7886,160.167,0.0
325.009,586.124,3.12,4.5065,38.862,0.0
316.363,588.12,4.633,8.325,27.14,0.0
304.0,585.279,2.998,3.8324,90.0,0.0
298.66,585.660,2.5162,3.5216,45.0,0.0
264.24,585.724,2.720,4.32,67.44,0.0
21.078,588.265625,6.439,7.655,49.21,0.0
0.8767,586.963,2.149,4.389,173.02,0.0
310.0,584.0,2.2215,6.497,90.0,0.0
276.5,585.0,2.403,4.535,144.546,0.0
272.5,584.0,2.1213,3.0,90.0,0.0
201.0,585.0,1.0256,4.503,61.845,0.0
158.94,584.633,2.884,4.26,83.455,0.0
156.5,584.5,3.1501,8.403,166.98,0.0
155.223,589.802,8.077,11.021,25.19,0.0
82.98,590.937,11.659,19.631,89.60,0.0
327.5,583.0,2.1213,3.0,90.0,0.0
295.195,583.598,3.013,4.140,68.950,0.0
246.5,583.651,3.1567,4.827,90.0,0.0
210.5,583.0,0.0,0.000,0.0,0.0
191.5,584.5,0.0,1.0,180.0,0.0
187.285,583.5,0.0,1.0,0.0,0.0
167.229,583.90,1.5730,6.587,78.75,0.0
147.705,585.155,4.58,5.342,69.79,0.0
132.0,584.0,1.632,2.8284,45.0,0.0
104.641113,584.233,3.649,5.953,70.07,0.0
87.85,585.689,1.9043,4.9230,11.024,0.0
1360.55,583.705,1.3333,9.862,133.98,0.0
420.99,585.92,5.532,8.052,136.229,0.0
396.556,582.917,2.174,5.16,79.24,0.0
386.83,587.780,9.103,20.877,101.00,0.0
325.0,582.5,2.1213,3.0,0.0,0.0
278.5,582.5,3.1622,3.1622,0.0,0.0
269.17,583.308105,4.813,7.320,69.85,0.0
264.29,582.725,2.946,5.733,56.455,0.0
251.257,583.151,3.608,4.599,35.23,0.0
238.5,582.0,2.1213,3.0,90.0,0.0
113.77,583.584,2.9599,5.680,79.57,0.0
49.39,584.000,1.2300,30.37,54.289,0.0
36.92,584.065,1.7613,4.553,18.724,0.0
428.125,582.625,0.0,0.7071,0.0,0.0
358.27,582.241,2.720,4.32,157.44,0.0
296.5,581.0,2.1213,3.0,90.0,0.0
276.5,581.0,2.1213,3.0,90.0,0.0
258.0,582.5,2.2105,5.249,0.0,0.0
231.0,582.0,2.1821,4.082,0.0,0.0
40.736,582.077636,3.5109,8.826,104.30,0.0
901.724,581.241,2.720,4.32,22.553,0.0
383.229,580.745,2.193,3.3882,72.98,0.0
364.435,582.699,6.142,15.203,92.43,0.0
332.60,582.117,3.7475,6.027,31.651,0.0
319.75,580.275,2.720,4.32,67.44,0.0
289.057,582.141,2.874,8.204,46.33,0.0
283.34,582.471,4.584,9.775,48.751,0.0
243.82,581.36,3.0253,5.649,41.71,0.0
234.5,580.0,2.1213,3.0,90.0,0.0
226.5,580.5,3.1622,3.1622,0.0,0.0
192.00,579.999,2.7319,9.857,119.03125,0.0
162.00,580.497,1.0053,57.97,89.96,0.0
143.45,580.567,0.9327,54.51,89.63,0.0
120.64,585.331,4.258,9.64,166.338,0.0
297.1353454589844,445.11016845703125,82.5528793334961,85.45986938476562,59.44855880737305,1.0